factor,temperature,mean,sd,n,min,max
Challenge,T=0,3.523809523809524,0.7163989902474133,7,2.6666666666666665,4.666666666666667
Challenge,T=0.35,3.75,0.6107502542086028,8,3.0,4.666666666666667
Challenge,T=0.70,3.875,0.6886264220942653,8,2.3333333333333335,4.666666666666667
Involvement,T=0,4.25,0.6454972243679027,7,3.25,5.0
Involvement,T=0.35,4.4375,0.6512350903146596,8,3.0,5.0
Involvement,T=0.70,4.21875,0.5417811234385024,8,3.25,5.0
RWD,T=0,3.4285714285714284,0.9543135154205277,7,2.0,4.5
RWD,T=0.35,3.78125,0.880721092546978,8,2.75,5.0
RWD,T=0.70,3.09375,0.8121565208047733,8,2.0,4.5
